group_id,group_label,scenario_id,zone_id,zone,beta0,run_id,policy_active,mean_peak_infectious,max_peak_infectious,n_waves,total_infections,total_dead,total_reinfections,epidemic_duration,peak_day,policy_effect,max_alert,first_alert_day,days_alert_0,days_alert_1,days_alert_2,days_alert_3,mean_compliance,mean_doctor_prob,mean_fatality_rate,mean_immunity_days,frac_public_transit,n_agents
0,b0.010_dense,0,0,dense_periphery,0.01,0,0,45.9,74.0,10,1219,10,732,364,48,0.25925925925925924,0,-1,365,0,0,0,0.2712,0.5103,0.01281,90.3,0.502,500
0,b0.010_dense,0,0,dense_periphery,0.01,0,1,34.0,44.0,10,923,7,454,364,31,0.25925925925925924,3,5,16,71,124,154,0.2713,0.5109,0.01255,90.5,0.4929,500
0,b0.010_dense,0,0,dense_periphery,0.01,1,0,43.55,105.0,11,1100,10,603,364,27,-0.18828932261768092,0,-1,365,0,0,0,0.2602,0.5057,0.01411,92.2,0.5163,500
0,b0.010_dense,0,0,dense_periphery,0.01,1,1,51.75,88.0,4,1020,10,538,364,27,-0.18828932261768092,3,5,43,80,123,119,0.2604,0.5087,0.01466,92.4,0.5204,500
0,b0.010_dense,0,0,dense_periphery,0.01,2,0,46.22,94.0,9,1096,7,609,364,24,0.23301601038511457,0,-1,365,0,0,0,0.2783,0.4972,0.01304,91.2,0.4909,500
0,b0.010_dense,0,0,dense_periphery,0.01,2,1,35.45,73.0,11,1017,6,542,364,30,0.23301601038511457,3,2,48,54,150,113,0.2761,0.498,0.01353,91.2,0.4899,500
0,b0.010_dense,0,0,dense_periphery,0.01,3,0,43.89,85.0,9,1123,8,631,364,16,0.2481203007518797,0,-1,365,0,0,0,0.2642,0.5043,0.01314,90.4,0.5102,500
0,b0.010_dense,0,0,dense_periphery,0.01,3,1,33.0,83.0,9,928,9,455,364,27,0.2481203007518797,3,4,15,104,145,101,0.2645,0.5062,0.01253,90.1,0.5092,500
0,b0.010_dense,0,0,dense_periphery,0.01,4,0,44.3,90.0,10,1174,10,682,364,31,0.1747178329571105,0,-1,365,0,0,0,0.2863,0.495,0.01343,90.4,0.5102,500
0,b0.010_dense,0,0,dense_periphery,0.01,4,1,36.56,61.0,9,985,8,507,364,24,0.1747178329571105,3,2,40,65,117,143,0.2866,0.4953,0.01327,90.6,0.5183,500
0,b0.010_dense,0,0,dense_periphery,0.01,5,0,53.62,90.0,8,1054,14,569,364,201,0.3677732189481537,0,-1,365,0,0,0,0.2838,0.5129,0.01321,90.8,0.5,500
0,b0.010_dense,0,0,dense_periphery,0.01,5,1,33.9,62.0,10,1006,8,531,364,27,0.3677732189481537,3,4,27,39,147,152,0.2855,0.5126,0.01346,90.8,0.5041,500
0,b0.010_dense,0,0,dense_periphery,0.01,6,0,50.78,118.0,9,1197,10,702,364,31,0.190823158723907,0,-1,365,0,0,0,0.2625,0.4989,0.01248,89.2,0.5367,500
0,b0.010_dense,0,0,dense_periphery,0.01,6,1,41.09,72.0,11,1032,7,550,364,44,0.190823158723907,3,4,57,84,75,149,0.2626,0.4994,0.01279,89.0,0.5335,500
0,b0.010_dense,0,0,dense_periphery,0.01,7,0,45.33,74.0,9,1104,14,611,364,29,0.3646591661151555,0,-1,365,0,0,0,0.2681,0.4983,0.01459,90.8,0.4774,500
0,b0.010_dense,0,0,dense_periphery,0.01,7,1,28.8,49.0,10,933,9,459,364,52,0.3646591661151555,3,5,7,68,132,158,0.2665,0.4983,0.01503,90.5,0.4786,500
0,b0.010_dense,0,0,dense_periphery,0.01,8,0,38.6,71.0,10,1041,10,550,364,24,0.16321243523316073,0,-1,365,0,0,0,0.2699,0.4953,0.01424,88.7,0.4796,500
0,b0.010_dense,0,0,dense_periphery,0.01,8,1,32.3,47.0,10,887,11,401,364,19,0.16321243523316073,3,6,25,111,89,140,0.2691,0.4962,0.01437,88.6,0.4724,500
0,b0.010_dense,0,0,dense_periphery,0.01,9,0,46.25,93.0,8,1188,3,699,364,37,0.2345945945945946,0,-1,365,0,0,0,0.2554,0.5009,0.01192,90.5,0.4889,500
0,b0.010_dense,0,0,dense_periphery,0.01,9,1,35.4,65.0,10,965,6,492,364,40,0.2345945945945946,3,3,45,82,95,143,0.257,0.4997,0.01211,90.3,0.4919,500
0,b0.010_dense,0,0,dense_periphery,0.01,10,0,43.11,90.0,9,1139,9,646,364,22,0.25005799118533983,0,-1,365,0,0,0,0.2717,0.5094,0.0143,91.4,0.5336,500
0,b0.010_dense,0,0,dense_periphery,0.01,10,1,32.33,58.0,9,949,8,473,364,22,0.25005799118533983,3,3,3,94,158,110,0.2719,0.5095,0.01397,91.2,0.5346,500
0,b0.010_dense,0,0,dense_periphery,0.01,11,0,42.64,96.0,11,1144,8,652,364,21,0.11397748592870542,0,-1,365,0,0,0,0.2815,0.4969,0.01398,89.8,0.4736,500
0,b0.010_dense,0,0,dense_periphery,0.01,11,1,37.78,74.0,9,874,4,403,364,18,0.11397748592870542,3,3,77,83,82,123,0.2801,0.4962,0.01493,89.8,0.4718,500
0,b0.010_dense,0,0,dense_periphery,0.01,12,0,61.75,85.0,8,1270,10,776,362,318,0.37748987854251015,0,-1,365,0,0,0,0.2871,0.5137,0.01222,90.3,0.5041,500
0,b0.010_dense,0,0,dense_periphery,0.01,12,1,38.44,81.0,9,1025,6,546,364,26,0.37748987854251015,3,3,43,66,128,128,0.2901,0.5133,0.01286,90.1,0.5081,500
0,b0.010_dense,0,0,dense_periphery,0.01,13,0,54.44,107.0,9,1273,10,779,364,34,0.272226304188097,0,-1,365,0,0,0,0.2832,0.4987,0.01202,90.9,0.502,500
0,b0.010_dense,0,0,dense_periphery,0.01,13,1,39.62,80.0,8,922,9,445,364,49,0.272226304188097,3,2,67,52,138,108,0.2834,0.4962,0.012,90.5,0.4969,500
0,b0.010_dense,0,0,dense_periphery,0.01,14,0,55.62,92.0,8,1249,10,750,364,187,0.2583603020496224,0,-1,365,0,0,0,0.264,0.4935,0.01441,92.0,0.5082,500
0,b0.010_dense,0,0,dense_periphery,0.01,14,1,41.25,71.0,8,1019,6,532,364,35,0.2583603020496224,3,7,45,89,82,149,0.2648,0.4922,0.01436,91.8,0.5061,500
0,b0.010_dense,0,0,dense_periphery,0.01,15,0,45.36,89.0,11,1158,10,666,364,36,0.27689594356261027,0,-1,365,0,0,0,0.2701,0.5098,0.0157,91.1,0.5184,500
0,b0.010_dense,0,0,dense_periphery,0.01,15,1,32.8,47.0,10,979,11,513,364,28,0.27689594356261027,3,4,22,66,161,116,0.2665,0.5063,0.01606,91.2,0.5174,500
0,b0.010_dense,0,0,dense_periphery,0.01,16,0,38.2,77.0,10,969,10,481,364,38,-0.023560209424083732,0,-1,365,0,0,0,0.2795,0.4964,0.01427,90.1,0.4898,500
0,b0.010_dense,0,0,dense_periphery,0.01,16,1,39.1,54.0,10,1071,8,594,364,50,-0.023560209424083732,3,5,9,80,139,137,0.2793,0.4998,0.01491,90.1,0.4837,500
0,b0.010_dense,0,0,dense_periphery,0.01,17,0,55.67,89.0,9,1213,7,720,364,29,0.42698042033411177,0,-1,365,0,0,0,0.2759,0.4889,0.01244,89.9,0.5112,500
0,b0.010_dense,0,0,dense_periphery,0.01,17,1,31.9,47.0,10,927,11,453,364,44,0.42698042033411177,3,4,35,79,112,139,0.275,0.4891,0.01245,89.9,0.5133,500
0,b0.010_dense,0,0,dense_periphery,0.01,18,0,60.0,102.0,8,1153,5,661,364,27,0.25366666666666665,0,-1,365,0,0,0,0.2403,0.5081,0.01352,90.9,0.5273,500
0,b0.010_dense,0,0,dense_periphery,0.01,18,1,44.78,74.0,9,1012,10,539,364,32,0.25366666666666665,3,5,67,66,66,166,0.2394,0.5073,0.01307,90.8,0.5286,500
0,b0.010_dense,0,0,dense_periphery,0.01,19,0,43.91,109.0,11,1103,5,613,364,38,0.08904577544978358,0,-1,365,0,0,0,0.2719,0.4988,0.01192,91.1,0.4566,500
0,b0.010_dense,0,0,dense_periphery,0.01,19,1,40.0,74.0,10,1069,5,581,364,44,0.08904577544978358,3,3,58,68,78,161,0.2703,0.4998,0.01259,91.0,0.4606,500
1,b0.010_sparse,0,1,sparse_periphery,0.01,0,0,35.29,56.0,7,656,7,261,364,82,0.30093510909606114,0,-1,365,0,0,0,0.6074,0.6667,0.01208,88.8,0.1684,500
1,b0.010_sparse,0,1,sparse_periphery,0.01,0,1,24.67,29.0,3,447,3,111,364,207,0.30093510909606114,3,2,63,152,122,28,0.6071,0.6661,0.0122,88.7,0.165,500
1,b0.010_sparse,0,1,sparse_periphery,0.01,1,0,31.86,57.0,7,733,10,281,364,36,0.12115505335844318,0,-1,365,0,0,0,0.6041,0.6774,0.01365,89.1,0.202,500
1,b0.010_sparse,0,1,sparse_periphery,0.01,1,1,28.0,33.0,4,543,2,150,364,36,0.12115505335844318,3,3,51,169,103,42,0.6058,0.679,0.01477,89.4,0.1988,500
1,b0.010_sparse,0,1,sparse_periphery,0.01,2,0,32.6,51.0,10,894,13,425,364,228,0.30981595092024544,0,-1,365,0,0,0,0.6153,0.6527,0.01206,90.6,0.2177,500
1,b0.010_sparse,0,1,sparse_periphery,0.01,2,1,22.5,27.0,4,547,4,158,364,13,0.30981595092024544,3,2,18,167,166,14,0.6137,0.6542,0.013,90.6,0.2198,500
1,b0.010_sparse,0,1,sparse_periphery,0.01,3,0,33.5,48.0,6,775,8,328,364,46,0.26865671641791045,0,-1,365,0,0,0,0.6058,0.6709,0.01338,90.6,0.2175,500
1,b0.010_sparse,0,1,sparse_periphery,0.01,3,1,24.5,28.0,4,456,4,123,364,35,0.26865671641791045,3,5,50,181,106,28,0.6045,0.6699,0.01406,90.6,0.2157,500
1,b0.010_sparse,0,1,sparse_periphery,0.01,4,0,26.0,36.0,8,692,5,276,364,30,0.019230769230769232,0,-1,365,0,0,0,0.6044,0.659,0.01273,89.0,0.1939,500
1,b0.010_sparse,0,1,sparse_periphery,0.01,4,1,25.5,30.0,4,508,2,160,364,68,0.019230769230769232,3,5,45,149,129,42,0.6041,0.6586,0.01296,89.1,0.1948,500
1,b0.010_sparse,0,1,sparse_periphery,0.01,5,0,26.75,33.0,8,737,3,299,364,298,0.056074766355140186,0,-1,365,0,0,0,0.6131,0.6671,0.01319,91.9,0.1811,500
1,b0.010_sparse,0,1,sparse_periphery,0.01,5,1,25.25,31.0,4,452,3,99,364,215,0.056074766355140186,3,4,67,195,75,28,0.6127,0.6671,0.01285,92.1,0.1791,500
1,b0.010_sparse,0,1,sparse_periphery,0.01,6,0,35.57,68.0,7,797,13,339,364,21,0.21281979195951645,0,-1,365,0,0,0,0.5986,0.669,0.01617,91.6,0.2012,500
1,b0.010_sparse,0,1,sparse_periphery,0.01,6,1,28.0,35.0,4,594,5,178,364,210,0.21281979195951645,3,2,35,117,171,42,0.597,0.6671,0.01702,91.4,0.2,500
1,b0.010_sparse,0,1,sparse_periphery,0.01,7,0,28.62,37.0,8,661,5,242,364,32,0.1823899371069183,0,-1,365,0,0,0,0.5931,0.6697,0.01574,91.0,0.2121,500
1,b0.010_sparse,0,1,sparse_periphery,0.01,7,1,23.4,28.0,5,489,7,146,364,255,0.1823899371069183,3,2,56,147,134,28,0.5949,0.6705,0.01568,91.1,0.215,500
1,b0.010_sparse,0,1,sparse_periphery,0.01,8,0,29.57,39.0,7,713,5,281,364,54,0.2137301318904295,0,-1,365,0,0,0,0.5946,0.6647,0.01737,92.2,0.1919,500
1,b0.010_sparse,0,1,sparse_periphery,0.01,8,1,23.25,25.0,4,472,7,131,364,137,0.2137301318904295,2,26,66,135,164,0,0.5916,0.6631,0.01777,92.1,0.1907,500
1,b0.010_sparse,0,1,sparse_periphery,0.01,9,0,31.62,39.0,8,763,7,309,364,54,0.2988614800759013,0,-1,365,0,0,0,0.5894,0.6614,0.01333,91.7,0.2353,500
1,b0.010_sparse,0,1,sparse_periphery,0.01,9,1,22.17,26.0,6,502,4,145,364,183,0.2988614800759013,3,4,53,156,142,14,0.5918,0.6622,0.01373,91.8,0.2319,500
1,b0.010_sparse,0,1,sparse_periphery,0.01,10,0,31.83,46.0,6,703,8,270,364,217,0.22243166823751173,0,-1,365,0,0,0,0.5819,0.6723,0.01411,90.9,0.2134,500
1,b0.010_sparse,0,1,sparse_periphery,0.01,10,1,24.75,30.0,4,490,3,141,364,143,0.22243166823751173,3,3,39,151,147,28,0.5834,0.6727,0.01478,90.6,0.2133,500
1,b0.010_sparse,0,1,sparse_periphery,0.01,11,0,32.4,48.0,5,668,9,230,364,150,0.31327160493827155,0,-1,365,0,0,0,0.5971,0.6657,0.0112,90.2,0.1976,500
1,b0.010_sparse,0,1,sparse_periphery,0.01,11,1,22.25,26.0,4,465,5,127,364,28,0.31327160493827155,3,5,38,167,124,36,0.5974,0.6662,0.01172,89.9,0.2,500
1,b0.010_sparse,0,1,sparse_periphery,0.01,12,0,29.44,49.0,9,800,8,341,364,64,0.15760869565217392,0,-1,365,0,0,0,0.5973,0.6515,0.01427,89.6,0.2114,500
1,b0.010_sparse,0,1,sparse_periphery,0.01,12,1,24.8,31.0,5,442,3,106,364,169,0.15760869565217392,3,3,60,167,96,42,0.5958,0.6512,0.01454,89.4,0.2093,500
1,b0.010_sparse,0,1,sparse_periphery,0.01,13,0,27.43,38.0,7,667,6,230,364,21,0.23441487422530075,0,-1,365,0,0,0,0.587,0.6638,0.01196,92.1,0.1943,500
1,b0.010_sparse,0,1,sparse_periphery,0.01,13,1,21.0,21.0,1,487,3,145,364,166,0.23441487422530075,2,10,24,144,197,0,0.588,0.6641,0.01212,92.0,0.1932,500
1,b0.010_sparse,0,1,sparse_periphery,0.01,14,0,32.33,48.0,9,774,8,346,364,34,0.08227652335292288,0,-1,365,0,0,0,0.609,0.6603,0.01515,90.8,0.2093,500
1,b0.010_sparse,0,1,sparse_periphery,0.01,14,1,29.67,37.0,3,421,5,109,364,167,0.08227652335292288,3,5,104,124,95,42,0.6101,0.661,0.01543,90.5,0.2061,500
1,b0.010_sparse,0,1,sparse_periphery,0.01,15,0,32.86,43.0,7,763,6,343,364,21,0.28484479610468655,0,-1,365,0,0,0,0.615,0.6788,0.01391,89.7,0.1923,500
1,b0.010_sparse,0,1,sparse_periphery,0.01,15,1,23.5,25.0,4,483,4,139,364,309,0.28484479610468655,3,3,36,184,103,42,0.6155,0.6783,0.01431,89.7,0.1915,500
1,b0.010_sparse,0,1,sparse_periphery,0.01,16,0,34.22,61.0,9,786,8,337,364,184,0.28901227352425485,0,-1,365,0,0,0,0.6122,0.6689,0.01393,90.4,0.185,500
1,b0.010_sparse,0,1,sparse_periphery,0.01,16,1,24.33,32.0,6,492,5,137,364,17,0.28901227352425485,3,4,74,133,130,28,0.6111,0.6686,0.01461,90.4,0.1859,500
1,b0.010_sparse,0,1,sparse_periphery,0.01,17,0,33.4,42.0,5,732,6,321,364,65,0.20149700598802386,0,-1,365,0,0,0,0.6034,0.6685,0.01203,90.8,0.2105,500
1,b0.010_sparse,0,1,sparse_periphery,0.01,17,1,26.67,38.0,3,501,0,147,364,30,0.20149700598802386,3,3,46,163,128,28,0.6039,0.6687,0.01266,91.0,0.21,500
1,b0.010_sparse,0,1,sparse_periphery,0.01,18,0,31.1,44.0,10,856,9,405,364,227,0.13183279742765278,0,-1,365,0,0,0,0.5987,0.6618,0.01303,90.5,0.2118,500
1,b0.010_sparse,0,1,sparse_periphery,0.01,18,1,27.0,38.0,3,516,1,155,364,239,0.13183279742765278,3,4,20,184,133,28,0.5971,0.6609,0.01377,90.5,0.2164,500
1,b0.010_sparse,0,1,sparse_periphery,0.01,19,0,31.71,40.0,7,678,5,245,364,36,0.10659098076316627,0,-1,365,0,0,0,0.6,0.6658,0.01264,90.6,0.198,500
1,b0.010_sparse,0,1,sparse_periphery,0.01,19,1,28.33,35.0,3,479,3,126,364,38,0.10659098076316627,3,4,55,164,104,42,0.6012,0.665,0.01273,90.6,0.1972,500
2,b0.015_dense,1,0,dense_periphery,0.015,0,0,70.5,168.0,8,1405,10,905,357,25,0.11744680851063831,0,-1,365,0,0,0,0.2727,0.4956,0.01343,89.5,0.4918,500
2,b0.015_dense,1,0,dense_periphery,0.015,0,1,62.22,87.0,9,1305,13,808,364,19,0.11744680851063831,3,3,119,26,57,163,0.2737,0.4961,0.01321,89.6,0.4928,500
2,b0.015_dense,1,0,dense_periphery,0.015,1,0,62.88,82.0,8,1311,12,813,364,314,0.16507633587786263,0,-1,365,0,0,0,0.2661,0.5033,0.01509,92.7,0.4672,500
2,b0.015_dense,1,0,dense_periphery,0.015,1,1,52.5,94.0,10,1282,12,782,364,324,0.16507633587786263,3,3,68,64,71,162,0.2653,0.5041,0.01532,92.4,0.4713,500
2,b0.015_dense,1,0,dense_periphery,0.015,2,0,57.78,105.0,9,1348,14,850,363,39,0.24472135687088958,0,-1,365,0,0,0,0.2747,0.5002,0.01449,89.7,0.4568,500
2,b0.015_dense,1,0,dense_periphery,0.015,2,1,43.64,91.0,14,1303,14,803,364,47,0.24472135687088958,3,4,59,42,91,173,0.28,0.5021,0.01358,89.2,0.4609,500
2,b0.015_dense,1,0,dense_periphery,0.015,3,0,70.5,112.0,6,1386,20,886,359,31,0.2567375886524823,0,-1,365,0,0,0,0.2675,0.4871,0.01529,91.2,0.4958,500
2,b0.015_dense,1,0,dense_periphery,0.015,3,1,52.4,106.0,10,1220,20,722,364,28,0.2567375886524823,3,4,135,16,69,145,0.2657,0.4893,0.01514,91.1,0.4938,500
2,b0.015_dense,1,0,dense_periphery,0.015,4,0,64.89,158.0,9,1403,12,903,364,23,0.19402065033132998,0,-1,365,0,0,0,0.2854,0.5074,0.01297,92.6,0.5307,500
2,b0.015_dense,1,0,dense_periphery,0.015,4,1,52.3,87.0,10,1287,13,788,364,164,0.19402065033132998,3,4,114,38,30,183,0.2852,0.5063,0.01269,92.8,0.5359,500
2,b0.015_dense,1,0,dense_periphery,0.015,5,0,52.89,126.0,9,1397,17,897,364,27,-0.009642654566080508,0,-1,365,0,0,0,0.2941,0.4906,0.01147,92.7,0.5114,500
2,b0.015_dense,1,0,dense_periphery,0.015,5,1,53.4,107.0,10,1211,10,713,340,31,-0.009642654566080508,3,5,59,97,50,159,0.2923,0.4925,0.01251,92.7,0.5224,500
2,b0.015_dense,1,0,dense_periphery,0.015,6,0,57.11,100.0,9,1335,6,835,334,30,0.313080021012082,0,-1,365,0,0,0,0.266,0.4836,0.01345,92.5,0.4636,500
2,b0.015_dense,1,0,dense_periphery,0.015,6,1,39.23,92.0,13,1217,8,725,364,40,0.313080021012082,3,5,51,47,114,153,0.2666,0.4838,0.01306,92.5,0.4614,500
2,b0.015_dense,1,0,dense_periphery,0.015,7,0,73.29,153.0,7,1365,15,866,358,22,0.33933688088415886,0,-1,365,0,0,0,0.2746,0.4944,0.0139,92.8,0.4722,500
2,b0.015_dense,1,0,dense_periphery,0.015,7,1,48.42,140.0,12,1315,16,818,364,24,0.33933688088415886,3,5,53,65,85,162,0.2725,0.4953,0.01423,92.7,0.4752,500
2,b0.015_dense,1,0,dense_periphery,0.015,8,0,97.2,163.0,5,1422,7,923,357,20,0.5304526748971193,0,-1,365,0,0,0,0.2717,0.5037,0.01563,90.5,0.501,500
2,b0.015_dense,1,0,dense_periphery,0.015,8,1,45.64,135.0,11,1298,13,803,364,28,0.5304526748971193,3,4,57,51,126,131,0.2705,0.5067,0.01466,90.5,0.4908,500
2,b0.015_dense,1,0,dense_periphery,0.015,9,0,53.08,108.0,12,1387,11,887,364,37,0.1348907309721175,0,-1,365,0,0,0,0.2886,0.5023,0.01272,90.5,0.4847,500
2,b0.015_dense,1,0,dense_periphery,0.015,9,1,45.92,77.0,12,1263,9,765,364,52,0.1348907309721175,3,4,70,35,74,186,0.2865,0.5017,0.0132,90.5,0.4766,500
2,b0.015_dense,1,0,dense_periphery,0.015,10,0,97.6,161.0,5,1400,6,900,358,31,0.3385245901639344,0,-1,365,0,0,0,0.2709,0.4962,0.01247,90.9,0.5223,500
2,b0.015_dense,1,0,dense_periphery,0.015,10,1,64.56,135.0,9,1344,11,844,364,30,0.3385245901639344,3,1,114,16,82,153,0.2686,0.4954,0.01198,90.9,0.5256,500
2,b0.015_dense,1,0,dense_periphery,0.015,11,0,62.0,122.0,9,1348,7,849,364,30,0.2609677419354839,0,-1,365,0,0,0,0.2733,0.504,0.01306,89.8,0.5071,500
2,b0.015_dense,1,0,dense_periphery,0.015,11,1,45.82,122.0,11,1323,13,826,364,31,0.2609677419354839,3,6,28,76,90,171,0.2723,0.5041,0.012,90.1,0.5051,500
2,b0.015_dense,1,0,dense_periphery,0.015,12,0,78.57,148.0,7,1408,10,910,364,23,0.3048237240677103,0,-1,365,0,0,0,0.2831,0.4988,0.01383,92.3,0.5143,500
2,b0.015_dense,1,0,dense_periphery,0.015,12,1,54.62,115.0,8,1275,15,781,364,42,0.3048237240677103,3,5,62,59,103,141,0.2832,0.5003,0.0131,92.0,0.5175,500
2,b0.015_dense,1,0,dense_periphery,0.015,13,0,78.33,149.0,6,1442,9,942,364,23,0.3106089620834929,0,-1,365,0,0,0,0.2773,0.4985,0.01289,90.7,0.4908,500
2,b0.015_dense,1,0,dense_periphery,0.015,13,1,54.0,106.0,9,1317,11,820,364,17,0.3106089620834929,3,6,78,55,102,130,0.2765,0.4967,0.01338,90.7,0.4949,500
2,b0.015_dense,1,0,dense_periphery,0.015,14,0,60.6,128.0,10,1368,12,870,364,39,0.12541254125412543,0,-1,365,0,0,0,0.2648,0.508,0.01387,90.4,0.5574,500
2,b0.015_dense,1,0,dense_periphery,0.015,14,1,53.0,95.0,10,1339,9,842,364,20,0.12541254125412543,3,4,56,59,84,166,0.2668,0.5089,0.01384,90.6,0.556,500
2,b0.015_dense,1,0,dense_periphery,0.015,15,0,79.5,140.0,6,1404,14,904,364,23,0.24679245283018864,0,-1,365,0,0,0,0.2553,0.4877,0.014,90.5,0.5082,500
2,b0.015_dense,1,0,dense_periphery,0.015,15,1,59.88,113.0,8,1352,16,855,364,23,0.24679245283018864,3,3,63,59,73,170,0.2558,0.4874,0.01384,90.6,0.5083,500
2,b0.015_dense,1,0,dense_periphery,0.015,16,0,64.5,127.0,8,1375,12,875,352,35,0.09116279069767445,0,-1,365,0,0,0,0.2684,0.4983,0.01349,90.4,0.502,500
2,b0.015_dense,1,0,dense_periphery,0.015,16,1,58.62,134.0,8,1291,14,796,364,41,0.09116279069767445,3,4,63,72,94,136,0.2671,0.4987,0.01267,90.1,0.5062,500
2,b0.015_dense,1,0,dense_periphery,0.015,17,0,71.43,154.0,7,1365,14,866,364,28,0.39675206495870086,0,-1,365,0,0,0,0.2846,0.4975,0.01307,92.2,0.5144,500
2,b0.015_dense,1,0,dense_periphery,0.015,17,1,43.09,99.0,11,1179,7,682,364,24,0.39675206495870086,3,5,49,72,46,198,0.2844,0.4957,0.0135,92.0,0.5152,500
2,b0.015_dense,1,0,dense_periphery,0.015,18,0,71.71,144.0,7,1399,7,899,364,36,0.3197601450285873,0,-1,365,0,0,0,0.2683,0.5001,0.01357,91.1,0.5132,500
2,b0.015_dense,1,0,dense_periphery,0.015,18,1,48.78,98.0,9,1309,7,810,364,38,0.3197601450285873,3,4,87,47,56,175,0.2676,0.5003,0.0134,91.1,0.5132,500
2,b0.015_dense,1,0,dense_periphery,0.015,19,0,59.67,116.0,9,1409,8,916,364,35,0.30383777442600973,0,-1,365,0,0,0,0.2716,0.5067,0.0136,89.8,0.498,500
2,b0.015_dense,1,0,dense_periphery,0.015,19,1,41.54,66.0,13,1288,6,794,364,56,0.30383777442600973,3,3,58,17,79,211,0.2726,0.5068,0.01407,89.6,0.4939,500
3,b0.015_sparse,1,1,sparse_periphery,0.015,0,0,36.64,93.0,11,1031,8,542,364,54,0.25627729257641924,0,-1,365,0,0,0,0.5934,0.6511,0.01421,93.4,0.187,500
3,b0.015_sparse,1,1,sparse_periphery,0.015,0,1,27.25,43.0,8,688,9,241,364,285,0.25627729257641924,3,2,23,114,135,93,0.5944,0.6503,0.01421,93.5,0.1853,500
3,b0.015_sparse,1,1,sparse_periphery,0.015,1,0,45.33,75.0,9,1082,12,593,364,33,0.3878226340172071,0,-1,365,0,0,0,0.6042,0.6561,0.01274,90.5,0.1721,500
3,b0.015_sparse,1,1,sparse_periphery,0.015,1,1,27.75,37.0,8,727,7,292,364,23,0.3878226340172071,3,5,34,105,154,72,0.6024,0.6554,0.01395,90.9,0.1744,500
3,b0.015_sparse,1,1,sparse_periphery,0.015,2,0,52.86,102.0,7,1192,13,701,364,35,0.45894816496405594,0,-1,365,0,0,0,0.5884,0.6693,0.0146,92.7,0.2156,500
3,b0.015_sparse,1,1,sparse_periphery,0.015,2,1,28.6,42.0,10,733,5,303,358,11,0.45894816496405594,3,4,17,70,150,128,0.5895,0.6693,0.01508,92.9,0.2162,500
3,b0.015_sparse,1,1,sparse_periphery,0.015,3,0,41.89,60.0,9,1089,10,596,364,52,0.36906182859871095,0,-1,365,0,0,0,0.5931,0.6585,0.01372,90.6,0.1755,500
3,b0.015_sparse,1,1,sparse_periphery,0.015,3,1,26.43,34.0,7,681,7,254,364,116,0.36906182859871095,3,6,23,125,153,64,0.5952,0.6587,0.01435,90.3,0.1765,500
3,b0.015_sparse,1,1,sparse_periphery,0.015,4,0,36.82,84.0,11,1066,5,575,364,30,0.3107007061379685,0,-1,365,0,0,0,0.6103,0.6728,0.01536,91.1,0.2081,500
3,b0.015_sparse,1,1,sparse_periphery,0.015,4,1,25.38,32.0,8,656,10,215,364,240,0.3107007061379685,3,6,30,90,147,98,0.6124,0.6713,0.01511,91.2,0.2061,500
3,b0.015_sparse,1,1,sparse_periphery,0.015,5,0,42.8,75.0,10,1071,9,582,364,37,0.34252336448598125,0,-1,365,0,0,0,0.6028,0.669,0.01379,90.3,0.1792,500
3,b0.015_sparse,1,1,sparse_periphery,0.015,5,1,28.14,36.0,7,726,7,296,364,299,0.34252336448598125,3,5,17,109,155,84,0.6003,0.6684,0.0139,90.8,0.1826,500
3,b0.015_sparse,1,1,sparse_periphery,0.015,6,0,35.82,60.0,11,1004,11,516,364,43,0.29145728643216084,0,-1,365,0,0,0,0.5997,0.6702,0.01272,92.4,0.1759,500
3,b0.015_sparse,1,1,sparse_periphery,0.015,6,1,25.38,36.0,8,658,7,231,364,140,0.29145728643216084,3,3,15,128,152,70,0.5988,0.6689,0.01302,92.7,0.1785,500
3,b0.015_sparse,1,1,sparse_periphery,0.015,7,0,60.86,100.0,7,1201,14,709,364,42,0.5142951035162668,0,-1,365,0,0,0,0.5958,0.6558,0.01429,92.6,0.1852,500
3,b0.015_sparse,1,1,sparse_periphery,0.015,7,1,29.56,44.0,9,742,4,307,364,55,0.5142951035162668,3,1,7,124,117,117,0.5956,0.6531,0.01508,92.2,0.1895,500
3,b0.015_sparse,1,1,sparse_periphery,0.015,8,0,56.67,100.0,6,1181,8,687,364,31,0.5627316040232927,0,-1,365,0,0,0,0.5991,0.6713,0.01456,90.2,0.1829,500
3,b0.015_sparse,1,1,sparse_periphery,0.015,8,1,24.78,29.0,9,682,5,260,364,30,0.5627316040232927,3,3,22,104,169,70,0.6024,0.6711,0.01519,90.2,0.1778,500
3,b0.015_sparse,1,1,sparse_periphery,0.015,9,0,54.0,116.0,9,1254,10,761,364,50,0.42592592592592593,0,-1,365,0,0,0,0.5814,0.6728,0.01282,91.0,0.2347,500
3,b0.015_sparse,1,1,sparse_periphery,0.015,9,1,31.0,57.0,8,748,7,302,364,53,0.42592592592592593,3,4,25,120,116,104,0.5785,0.6722,0.01276,90.9,0.2394,500
3,b0.015_sparse,1,1,sparse_periphery,0.015,10,0,48.27,79.0,11,1237,6,745,364,22,0.4234514191008909,0,-1,365,0,0,0,0.6042,0.6586,0.01389,90.9,0.1923,500
3,b0.015_sparse,1,1,sparse_periphery,0.015,10,1,27.83,47.0,12,845,4,402,364,28,0.4234514191008909,3,3,3,85,163,114,0.6022,0.6592,0.01359,90.9,0.1976,500
3,b0.015_sparse,1,1,sparse_periphery,0.015,11,0,43.2,80.0,10,1124,4,638,364,29,0.4081018518518519,0,-1,365,0,0,0,0.6151,0.659,0.01307,91.8,0.2117,500
3,b0.015_sparse,1,1,sparse_periphery,0.015,11,1,25.57,31.0,7,675,2,260,364,17,0.4081018518518519,3,4,28,114,153,70,0.6157,0.66,0.01315,91.9,0.2129,500
3,b0.015_sparse,1,1,sparse_periphery,0.015,12,0,44.75,86.0,8,1052,8,562,364,36,0.3340782122905028,0,-1,365,0,0,0,0.5953,0.6508,0.01327,90.1,0.1626,500
3,b0.015_sparse,1,1,sparse_periphery,0.015,12,1,29.8,38.0,5,675,5,248,364,24,0.3340782122905028,3,1,7,117,185,56,0.5962,0.6503,0.01391,90.2,0.1636,500
3,b0.015_sparse,1,1,sparse_periphery,0.015,13,0,42.75,111.0,8,1056,8,564,364,40,0.3833918128654971,0,-1,365,0,0,0,0.5964,0.6722,0.01437,91.5,0.2398,500
3,b0.015_sparse,1,1,sparse_periphery,0.015,13,1,26.36,51.0,11,708,3,317,364,49,0.3833918128654971,3,3,40,92,135,98,0.5957,0.6702,0.0151,91.6,0.2414,500
3,b0.015_sparse,1,1,sparse_periphery,0.015,14,0,44.88,82.0,8,1023,7,528,364,237,0.4255793226381462,0,-1,365,0,0,0,0.616,0.674,0.01472,91.4,0.215,500
3,b0.015_sparse,1,1,sparse_periphery,0.015,14,1,25.78,41.0,9,709,5,285,364,34,0.4255793226381462,3,5,23,122,136,84,0.6157,0.6737,0.0148,91.2,0.2141,500
3,b0.015_sparse,1,1,sparse_periphery,0.015,15,0,48.5,71.0,8,1192,18,693,364,44,0.4329896907216495,0,-1,365,0,0,0,0.6139,0.6641,0.01332,92.1,0.2054,500
3,b0.015_sparse,1,1,sparse_periphery,0.015,15,1,27.5,36.0,10,798,9,356,364,24,0.4329896907216495,3,2,12,82,165,106,0.6151,0.6619,0.01381,91.7,0.2037,500
3,b0.015_sparse,1,1,sparse_periphery,0.015,16,0,40.55,83.0,11,1109,10,620,364,47,0.35166461159062884,0,-1,365,0,0,0,0.6024,0.6729,0.01438,88.9,0.2224,500
3,b0.015_sparse,1,1,sparse_periphery,0.015,16,1,26.29,33.0,7,693,5,255,364,171,0.35166461159062884,3,1,33,111,135,86,0.6034,0.6715,0.0142,88.7,0.2263,500
3,b0.015_sparse,1,1,sparse_periphery,0.015,17,0,42.0,114.0,10,1020,11,528,364,37,0.34119047619047616,0,-1,365,0,0,0,0.5956,0.6605,0.01387,89.4,0.227,500
3,b0.015_sparse,1,1,sparse_periphery,0.015,17,1,27.67,38.0,9,785,11,350,364,33,0.34119047619047616,3,6,7,77,170,111,0.5983,0.6619,0.01416,89.6,0.2209,500
3,b0.015_sparse,1,1,sparse_periphery,0.015,18,0,51.0,80.0,9,1210,6,712,364,29,0.406078431372549,0,-1,365,0,0,0,0.5947,0.6732,0.01427,91.6,0.1862,500
3,b0.015_sparse,1,1,sparse_periphery,0.015,18,1,30.29,50.0,7,732,5,296,364,46,0.406078431372549,3,5,27,112,126,100,0.5955,0.6733,0.01438,91.7,0.1859,500
3,b0.015_sparse,1,1,sparse_periphery,0.015,19,0,52.0,72.0,6,1026,10,544,364,49,0.5115384615384616,0,-1,365,0,0,0,0.6244,0.6731,0.01343,90.3,0.1857,500
3,b0.015_sparse,1,1,sparse_periphery,0.015,19,1,25.4,37.0,5,587,3,193,364,46,0.5115384615384616,3,11,22,113,160,70,0.6252,0.6734,0.01403,90.3,0.1831,500
4,b0.020_dense,2,0,dense_periphery,0.02,0,0,77.29,155.0,7,1390,11,890,364,27,0.2150342864536163,0,-1,365,0,0,0,0.2804,0.5081,0.01395,88.8,0.5399,500
4,b0.020_dense,2,0,dense_periphery,0.02,0,1,60.67,133.0,9,1442,10,943,364,26,0.2150342864536163,3,5,91,46,78,150,0.2808,0.5082,0.01392,88.5,0.5347,500
4,b0.020_dense,2,0,dense_periphery,0.02,1,0,66.78,147.0,9,1466,10,966,364,29,0.1749026654687032,0,-1,365,0,0,0,0.28,0.502,0.01289,91.8,0.5082,500
4,b0.020_dense,2,0,dense_periphery,0.02,1,1,55.1,102.0,10,1361,13,862,364,28,0.1749026654687032,3,1,76,41,43,205,0.2786,0.5019,0.01323,91.3,0.5072,500
4,b0.020_dense,2,0,dense_periphery,0.02,2,0,78.0,161.0,8,1486,6,989,364,28,0.3215384615384615,0,-1,365,0,0,0,0.2878,0.503,0.01289,88.9,0.5283,500
4,b0.020_dense,2,0,dense_periphery,0.02,2,1,52.92,116.0,12,1462,9,962,364,30,0.3215384615384615,3,5,58,43,62,202,0.2871,0.5029,0.01272,88.8,0.5275,500
4,b0.020_dense,2,0,dense_periphery,0.02,3,0,66.33,186.0,9,1492,10,992,364,21,0.2386552088044625,0,-1,365,0,0,0,0.2721,0.5075,0.01354,89.3,0.5,500
4,b0.020_dense,2,0,dense_periphery,0.02,3,1,50.5,140.0,12,1469,18,970,364,24,0.2386552088044625,3,3,53,31,119,162,0.2749,0.5091,0.01276,88.8,0.5,500
4,b0.020_dense,2,0,dense_periphery,0.02,4,0,74.29,150.0,7,1411,12,911,353,29,0.3565755821779514,0,-1,365,0,0,0,0.2698,0.4956,0.01349,90.9,0.4939,500
4,b0.020_dense,2,0,dense_periphery,0.02,4,1,47.8,116.0,10,1413,6,913,364,29,0.3565755821779514,3,4,76,40,76,173,0.2691,0.498,0.01451,90.5,0.496,500
4,b0.020_dense,2,0,dense_periphery,0.02,5,0,87.8,128.0,5,1452,13,952,364,17,0.4294988610478359,0,-1,365,0,0,0,0.2749,0.5023,0.01545,91.3,0.4887,500
4,b0.020_dense,2,0,dense_periphery,0.02,5,1,50.09,110.0,11,1387,14,887,364,15,0.4294988610478359,3,6,37,58,75,195,0.2729,0.5041,0.01667,91.2,0.4897,500
4,b0.020_dense,2,0,dense_periphery,0.02,6,0,73.57,166.0,7,1517,8,1018,364,25,0.19355715644963975,0,-1,365,0,0,0,0.2697,0.497,0.0134,88.7,0.5346,500
4,b0.020_dense,2,0,dense_periphery,0.02,6,1,59.33,142.0,9,1449,11,949,364,24,0.19355715644963975,3,3,89,50,69,157,0.2678,0.4996,0.01354,88.6,0.5317,500
4,b0.020_dense,2,0,dense_periphery,0.02,7,0,70.88,150.0,8,1404,10,904,325,27,0.2150112866817155,0,-1,365,0,0,0,0.2767,0.4988,0.01324,93.8,0.5143,500
4,b0.020_dense,2,0,dense_periphery,0.02,7,1,55.64,116.0,11,1375,11,876,364,41,0.2150112866817155,3,4,97,21,78,169,0.2767,0.4999,0.01302,93.7,0.5174,500
4,b0.020_dense,2,0,dense_periphery,0.02,8,0,65.38,170.0,8,1439,11,939,364,25,0.2367696543285408,0,-1,365,0,0,0,0.2674,0.4971,0.01327,92.0,0.5133,500
4,b0.020_dense,2,0,dense_periphery,0.02,8,1,49.9,105.0,10,1259,17,762,349,47,0.2367696543285408,3,4,57,50,88,170,0.2684,0.4996,0.01273,92.1,0.5114,500
4,b0.020_dense,2,0,dense_periphery,0.02,9,0,102.2,213.0,5,1415,9,916,364,23,0.4314090019569472,0,-1,365,0,0,0,0.2675,0.4923,0.01499,90.3,0.4766,500
4,b0.020_dense,2,0,dense_periphery,0.02,9,1,58.11,128.0,9,1385,12,886,364,22,0.4314090019569472,3,4,140,13,67,145,0.2655,0.4933,0.01426,90.3,0.4775,500
4,b0.020_dense,2,0,dense_periphery,0.02,10,0,84.0,174.0,6,1404,10,906,364,21,0.30559523809523814,0,-1,365,0,0,0,0.2782,0.4986,0.01082,88.5,0.4755,500
4,b0.020_dense,2,0,dense_periphery,0.02,10,1,58.33,133.0,9,1374,18,875,364,24,0.30559523809523814,3,4,118,45,45,157,0.2762,0.4997,0.01128,88.6,0.4751,500
4,b0.020_dense,2,0,dense_periphery,0.02,11,0,95.0,148.0,5,1438,14,938,364,181,0.38526315789473686,0,-1,365,0,0,0,0.274,0.4943,0.0128,89.0,0.5082,500
4,b0.020_dense,2,0,dense_periphery,0.02,11,1,58.4,112.0,10,1384,11,885,364,20,0.38526315789473686,3,5,90,46,62,167,0.2754,0.4948,0.0136,89.0,0.5215,500
4,b0.020_dense,2,0,dense_periphery,0.02,12,0,61.56,155.0,9,1531,16,1031,364,32,0.2690058479532164,0,-1,365,0,0,0,0.2599,0.4983,0.01299,90.3,0.5062,500
4,b0.020_dense,2,0,dense_periphery,0.02,12,1,45.0,101.0,13,1407,9,909,364,40,0.2690058479532164,3,4,21,36,110,198,0.2624,0.4978,0.01434,89.9,0.5153,500
4,b0.020_dense,2,0,dense_periphery,0.02,13,0,114.0,147.0,4,1433,16,933,364,307,0.5278947368421053,0,-1,365,0,0,0,0.2791,0.5055,0.01312,92.6,0.5289,500
4,b0.020_dense,2,0,dense_periphery,0.02,13,1,53.82,103.0,11,1365,11,866,364,28,0.5278947368421053,3,4,60,60,90,155,0.2773,0.502,0.01441,93.0,0.5297,500
4,b0.020_dense,2,0,dense_periphery,0.02,14,0,77.43,164.0,7,1421,11,921,364,28,0.26255973137026994,0,-1,365,0,0,0,0.282,0.5013,0.01329,91.3,0.5051,500
4,b0.020_dense,2,0,dense_periphery,0.02,14,1,57.1,123.0,10,1375,12,876,362,39,0.26255973137026994,3,6,74,37,71,183,0.2832,0.5025,0.0128,91.1,0.5082,500
4,b0.020_dense,2,0,dense_periphery,0.02,15,0,94.8,180.0,5,1423,11,924,364,23,0.37879746835443034,0,-1,365,0,0,0,0.2625,0.5023,0.01397,91.2,0.5112,500
4,b0.020_dense,2,0,dense_periphery,0.02,15,1,58.89,157.0,9,1402,18,903,364,26,0.37879746835443034,3,3,102,65,63,135,0.2636,0.4998,0.01403,91.2,0.5083,500
4,b0.020_dense,2,0,dense_periphery,0.02,16,0,83.0,163.0,6,1430,10,930,354,19,0.2696385542168675,0,-1,365,0,0,0,0.2798,0.4851,0.01256,90.6,0.4796,500
4,b0.020_dense,2,0,dense_periphery,0.02,16,1,60.62,134.0,8,1381,10,884,364,29,0.2696385542168675,3,4,90,40,96,139,0.2806,0.4851,0.01303,90.4,0.4857,500
4,b0.020_dense,2,0,dense_periphery,0.02,17,0,60.36,189.0,11,1558,12,1058,364,18,0.25198807157057657,0,-1,365,0,0,0,0.2836,0.5053,0.01345,90.6,0.5102,500
4,b0.020_dense,2,0,dense_periphery,0.02,17,1,45.15,143.0,13,1471,7,972,364,25,0.25198807157057657,3,6,77,30,81,177,0.2848,0.5031,0.01387,90.8,0.5091,500
4,b0.020_dense,2,0,dense_periphery,0.02,18,0,76.67,152.0,9,1477,11,978,364,25,0.17699230468240512,0,-1,365,0,0,0,0.2747,0.4947,0.01283,91.8,0.4663,500
4,b0.020_dense,2,0,dense_periphery,0.02,18,1,63.1,145.0,10,1432,11,932,364,25,0.17699230468240512,3,4,89,38,75,163,0.2749,0.4921,0.01262,91.6,0.4622,500
4,b0.020_dense,2,0,dense_periphery,0.02,19,0,94.4,169.0,5,1451,16,951,364,23,0.17637711864406785,0,-1,365,0,0,0,0.2734,0.5065,0.01193,89.7,0.5186,500
4,b0.020_dense,2,0,dense_periphery,0.02,19,1,77.75,128.0,8,1457,16,957,364,32,0.17637711864406785,3,5,138,35,56,136,0.2748,0.5026,0.01319,89.5,0.5207,500
5,b0.020_sparse,2,1,sparse_periphery,0.02,0,0,62.29,97.0,7,1281,7,785,364,19,0.47599935784235026,0,-1,365,0,0,0,0.6088,0.6751,0.01246,90.8,0.1846,500
5,b0.020_sparse,2,1,sparse_periphery,0.02,0,1,32.64,65.0,11,952,4,482,364,33,0.47599935784235026,3,2,4,93,120,148,0.6109,0.6763,0.01258,90.9,0.1835,500
5,b0.020_sparse,2,1,sparse_periphery,0.02,1,0,63.89,114.0,9,1353,12,854,364,18,0.4196274847393959,0,-1,365,0,0,0,0.5883,0.662,0.01238,89.3,0.2049,500
5,b0.020_sparse,2,1,sparse_periphery,0.02,1,1,37.08,69.0,12,1049,9,569,364,30,0.4196274847393959,3,1,39,56,116,154,0.5881,0.6608,0.0124,89.4,0.2098,500
5,b0.020_sparse,2,1,sparse_periphery,0.02,2,0,70.86,102.0,7,1372,9,877,364,23,0.5625176404177251,0,-1,365,0,0,0,0.6166,0.6599,0.01236,90.8,0.22,500
5,b0.020_sparse,2,1,sparse_periphery,0.02,2,1,31.0,46.0,13,999,7,533,364,18,0.5625176404177251,3,2,19,59,130,157,0.6162,0.6621,0.0129,90.9,0.215,500
5,b0.020_sparse,2,1,sparse_periphery,0.02,3,0,59.62,106.0,8,1375,8,877,364,25,0.36816504528681643,0,-1,365,0,0,0,0.5945,0.667,0.01422,89.5,0.1951,500
5,b0.020_sparse,2,1,sparse_periphery,0.02,3,1,37.67,65.0,9,938,9,464,364,36,0.36816504528681643,3,5,31,50,128,156,0.5948,0.6677,0.01412,89.4,0.1914,500
5,b0.020_sparse,2,1,sparse_periphery,0.02,4,0,54.0,100.0,11,1352,11,853,364,32,0.44129629629629624,0,-1,365,0,0,0,0.6107,0.6635,0.01341,91.6,0.1922,500
5,b0.020_sparse,2,1,sparse_periphery,0.02,4,1,30.17,48.0,12,884,12,419,364,57,0.44129629629629624,3,5,19,82,105,159,0.6104,0.6634,0.0129,91.9,0.1906,500
5,b0.020_sparse,2,1,sparse_periphery,0.02,5,0,52.67,150.0,9,1312,12,816,364,32,0.40193658629200685,0,-1,365,0,0,0,0.6103,0.6604,0.01362,90.7,0.2049,500
5,b0.020_sparse,2,1,sparse_periphery,0.02,5,1,31.5,43.0,8,881,10,417,364,178,0.40193658629200685,3,3,4,80,143,138,0.6108,0.6621,0.01416,90.5,0.2061,500
5,b0.020_sparse,2,1,sparse_periphery,0.02,6,0,57.5,146.0,10,1356,11,856,364,26,0.41182608695652173,0,-1,365,0,0,0,0.5926,0.6724,0.01391,90.2,0.1718,500
5,b0.020_sparse,2,1,sparse_periphery,0.02,6,1,33.82,64.0,11,929,8,464,364,14,0.41182608695652173,3,3,32,65,140,128,0.5951,0.6715,0.01411,90.1,0.1687,500
5,b0.020_sparse,2,1,sparse_periphery,0.02,7,0,81.0,167.0,6,1380,9,881,357,32,0.6128395061728396,0,-1,365,0,0,0,0.616,0.6654,0.01284,90.4,0.2342,500
5,b0.020_sparse,2,1,sparse_periphery,0.02,7,1,31.36,51.0,14,956,4,484,364,32,0.6128395061728396,3,9,18,63,113,171,0.6153,0.6654,0.01323,90.2,0.2339,500
5,b0.020_sparse,2,1,sparse_periphery,0.02,8,0,48.1,109.0,10,1302,12,804,364,38,0.34802494802494804,0,-1,365,0,0,0,0.6162,0.6574,0.01378,90.8,0.1455,500
5,b0.020_sparse,2,1,sparse_periphery,0.02,8,1,31.36,55.0,11,843,7,378,364,84,0.34802494802494804,3,4,18,64,131,152,0.613,0.6564,0.014,91.0,0.1481,500
5,b0.020_sparse,2,1,sparse_periphery,0.02,9,0,62.0,105.0,9,1360,16,862,364,21,0.4079032258064516,0,-1,365,0,0,0,0.5953,0.6773,0.01383,90.3,0.219,500
5,b0.020_sparse,2,1,sparse_periphery,0.02,9,1,36.71,52.0,7,898,4,430,364,13,0.4079032258064516,3,3,36,73,141,115,0.595,0.6763,0.01505,90.2,0.2137,500
5,b0.020_sparse,2,1,sparse_periphery,0.02,10,0,60.11,127.0,9,1342,12,847,364,30,0.3881217767426385,0,-1,365,0,0,0,0.601,0.667,0.01366,90.2,0.1947,500
5,b0.020_sparse,2,1,sparse_periphery,0.02,10,1,36.78,78.0,9,959,12,475,364,38,0.3881217767426385,3,3,20,46,179,120,0.6002,0.665,0.01238,90.6,0.1926,500
5,b0.020_sparse,2,1,sparse_periphery,0.02,11,0,67.38,109.0,8,1312,11,814,364,20,0.5114277233600474,0,-1,365,0,0,0,0.6107,0.6609,0.01388,92.5,0.1963,500
5,b0.020_sparse,2,1,sparse_periphery,0.02,11,1,32.92,60.0,12,968,3,501,364,26,0.5114277233600474,3,4,16,77,149,123,0.6081,0.6617,0.0144,92.5,0.1992,500
5,b0.020_sparse,2,1,sparse_periphery,0.02,12,0,60.0,115.0,9,1329,11,830,364,29,0.4378333333333334,0,-1,365,0,0,0,0.6102,0.6681,0.01297,90.1,0.184,500
5,b0.020_sparse,2,1,sparse_periphery,0.02,12,1,33.73,57.0,11,954,5,478,364,320,0.4378333333333334,3,5,35,41,172,117,0.6092,0.6694,0.01345,90.1,0.1859,500
5,b0.020_sparse,2,1,sparse_periphery,0.02,13,0,56.22,129.0,9,1311,14,811,364,38,0.37264318747776587,0,-1,365,0,0,0,0.5882,0.6808,0.01406,91.0,0.1996,500
5,b0.020_sparse,2,1,sparse_periphery,0.02,13,1,35.27,57.0,11,901,7,438,364,189,0.37264318747776587,3,5,86,41,104,134,0.5929,0.6794,0.01489,91.4,0.2069,500
5,b0.020_sparse,2,1,sparse_periphery,0.02,14,0,63.38,147.0,8,1345,14,846,361,27,0.47365099400441785,0,-1,365,0,0,0,0.6124,0.6574,0.01415,89.3,0.2016,500
5,b0.020_sparse,2,1,sparse_periphery,0.02,14,1,33.36,62.0,11,965,11,502,364,18,0.47365099400441785,3,1,7,65,176,117,0.6121,0.6577,0.01479,89.6,0.2065,500
5,b0.020_sparse,2,1,sparse_periphery,0.02,15,0,62.5,112.0,10,1364,6,865,364,47,0.4968,0,-1,365,0,0,0,0.6045,0.669,0.01341,90.5,0.1781,500
5,b0.020_sparse,2,1,sparse_periphery,0.02,15,1,31.45,41.0,11,887,10,421,364,228,0.4968,3,14,35,74,106,150,0.605,0.6696,0.01229,90.4,0.1755,500
5,b0.020_sparse,2,1,sparse_periphery,0.02,16,0,63.62,106.0,8,1320,10,821,363,38,0.5405532851304622,0,-1,365,0,0,0,0.5882,0.6728,0.0139,92.3,0.2061,500
5,b0.020_sparse,2,1,sparse_periphery,0.02,16,1,29.23,47.0,13,944,5,485,364,211,0.5405532851304622,3,4,29,55,128,153,0.5895,0.6724,0.01483,92.3,0.2061,500
5,b0.020_sparse,2,1,sparse_periphery,0.02,17,0,53.4,109.0,10,1359,10,860,364,15,0.3174157303370786,0,-1,365,0,0,0,0.5972,0.6661,0.01403,90.1,0.1755,500
5,b0.020_sparse,2,1,sparse_periphery,0.02,17,1,36.45,84.0,11,958,13,487,364,14,0.3174157303370786,3,6,7,81,123,154,0.6019,0.6671,0.01386,90.1,0.1786,500
5,b0.020_sparse,2,1,sparse_periphery,0.02,18,0,82.0,120.0,5,1297,9,799,364,26,0.5823170731707317,0,-1,365,0,0,0,0.589,0.6628,0.01291,91.3,0.1833,500
5,b0.020_sparse,2,1,sparse_periphery,0.02,18,1,34.25,56.0,8,810,10,353,364,18,0.5823170731707317,3,4,20,74,138,133,0.5889,0.664,0.01329,91.0,0.1837,500
5,b0.020_sparse,2,1,sparse_periphery,0.02,19,0,87.86,124.0,7,1365,9,869,351,316,0.5778511267926246,0,-1,365,0,0,0,0.601,0.671,0.0127,89.7,0.2118,500
5,b0.020_sparse,2,1,sparse_periphery,0.02,19,1,37.09,70.0,11,1006,9,525,364,14,0.5778511267926246,3,3,23,83,122,137,0.5996,0.6717,0.01254,89.8,0.2098,500
6,b0.025_dense,3,0,dense_periphery,0.025,0,0,92.17,178.0,6,1443,13,943,364,158,0.3273299338179451,0,-1,365,0,0,0,0.28,0.4972,0.01395,91.3,0.4784,500
6,b0.025_dense,3,0,dense_periphery,0.025,0,1,62.0,175.0,11,1436,7,938,364,28,0.3273299338179451,3,6,66,49,86,164,0.2804,0.4977,0.01441,91.7,0.4868,500
6,b0.025_dense,3,0,dense_periphery,0.025,1,0,100.17,172.0,6,1432,11,932,364,27,0.3301387641010283,0,-1,365,0,0,0,0.2711,0.4853,0.01386,90.2,0.5194,500
6,b0.025_dense,3,0,dense_periphery,0.025,1,1,67.1,181.0,10,1353,11,853,364,39,0.3301387641010283,3,1,99,41,87,138,0.2702,0.4869,0.01375,90.4,0.5133,500
6,b0.025_dense,3,0,dense_periphery,0.025,2,0,85.5,199.0,6,1491,10,991,364,20,0.07801169590643277,0,-1,365,0,0,0,0.2776,0.501,0.01462,91.9,0.4959,500
6,b0.025_dense,3,0,dense_periphery,0.025,2,1,78.83,143.0,6,1485,12,986,364,18,0.07801169590643277,3,4,120,21,69,155,0.278,0.4984,0.01427,92.0,0.502,500
6,b0.025_dense,3,0,dense_periphery,0.025,3,0,82.5,180.0,8,1610,12,1110,364,20,0.14460606060606068,0,-1,365,0,0,0,0.272,0.5116,0.01375,91.1,0.4672,500
6,b0.025_dense,3,0,dense_periphery,0.025,3,1,70.57,141.0,7,1440,9,940,364,21,0.14460606060606068,3,4,90,36,79,160,0.2735,0.5102,0.01391,91.1,0.4664,500
6,b0.025_dense,3,0,dense_periphery,0.025,4,0,156.5,242.0,4,1413,16,913,295,14,0.3184025559105431,0,-1,365,0,0,0,0.2922,0.4984,0.01061,90.0,0.5434,500
6,b0.025_dense,3,0,dense_periphery,0.025,4,1,106.67,243.0,6,1379,5,879,317,13,0.3184025559105431,3,1,169,35,50,111,0.2931,0.5001,0.01211,90.2,0.5495,500
6,b0.025_dense,3,0,dense_periphery,0.025,5,0,95.33,213.0,6,1496,14,996,364,17,0.20539179691597606,0,-1,365,0,0,0,0.2662,0.5026,0.0116,93.3,0.4856,500
6,b0.025_dense,3,0,dense_periphery,0.025,5,1,75.75,192.0,8,1375,14,877,364,22,0.20539179691597606,3,3,175,16,50,124,0.2645,0.5008,0.01224,93.3,0.4897,500
6,b0.025_dense,3,0,dense_periphery,0.025,6,0,74.0,213.0,9,1504,14,1004,364,20,0.0945945945945946,0,-1,365,0,0,0,0.2707,0.5137,0.01339,92.0,0.5,500
6,b0.025_dense,3,0,dense_periphery,0.025,6,1,67.0,174.0,7,1418,8,918,364,24,0.0945945945945946,3,5,83,78,51,153,0.2704,0.5154,0.01359,91.6,0.498,500
6,b0.025_dense,3,0,dense_periphery,0.025,7,0,93.29,197.0,7,1512,11,1012,364,20,0.017365205273877204,0,-1,365,0,0,0,0.2786,0.5045,0.01333,91.6,0.4847,500
6,b0.025_dense,3,0,dense_periphery,0.025,7,1,91.67,138.0,6,1410,6,911,364,15,0.017365205273877204,3,3,143,35,69,118,0.2752,0.5041,0.01432,91.6,0.4777,500
6,b0.025_dense,3,0,dense_periphery,0.025,8,0,119.2,189.0,5,1448,8,948,364,11,0.18456375838926173,0,-1,365,0,0,0,0.2741,0.4842,0.01506,91.7,0.502,500
6,b0.025_dense,3,0,dense_periphery,0.025,8,1,97.2,165.0,5,1419,13,919,364,15,0.18456375838926173,3,3,134,54,48,129,0.2738,0.4829,0.0146,91.6,0.5051,500
6,b0.025_dense,3,0,dense_periphery,0.025,9,0,136.25,203.0,4,1437,10,937,364,279,0.09137614678899085,0,-1,365,0,0,0,0.2757,0.4844,0.01446,90.4,0.5265,500
6,b0.025_dense,3,0,dense_periphery,0.025,9,1,123.8,163.0,5,1395,9,895,336,24,0.09137614678899085,3,5,181,28,48,108,0.2734,0.4829,0.0143,90.2,0.5255,500
6,b0.025_dense,3,0,dense_periphery,0.025,10,0,94.33,206.0,6,1523,11,1023,364,29,0.12011025124562703,0,-1,365,0,0,0,0.274,0.506,0.01437,90.6,0.4867,500
6,b0.025_dense,3,0,dense_periphery,0.025,10,1,83.0,158.0,7,1396,10,896,364,31,0.12011025124562703,3,6,152,30,50,133,0.2725,0.5044,0.01431,90.0,0.4837,500
6,b0.025_dense,3,0,dense_periphery,0.025,11,0,80.12,220.0,8,1425,8,925,364,26,-0.15451822266600093,0,-1,365,0,0,0,0.2603,0.5082,0.01388,91.9,0.5224,500
6,b0.025_dense,3,0,dense_periphery,0.025,11,1,92.5,170.0,6,1416,12,916,364,30,-0.15451822266600093,3,4,103,72,65,125,0.2611,0.5048,0.01292,91.9,0.5143,500
6,b0.025_dense,3,0,dense_periphery,0.025,12,0,150.5,264.0,4,1452,9,952,364,16,0.4883720930232558,0,-1,365,0,0,0,0.2762,0.5045,0.0144,90.8,0.5132,500
6,b0.025_dense,3,0,dense_periphery,0.025,12,1,77.0,213.0,8,1482,18,982,364,17,0.4883720930232558,3,4,124,24,74,143,0.2762,0.5056,0.01361,90.6,0.5187,500
6,b0.025_dense,3,0,dense_periphery,0.025,13,0,94.67,185.0,6,1420,8,920,364,21,0.3688602513995986,0,-1,365,0,0,0,0.2778,0.4872,0.01198,89.3,0.4533,500
6,b0.025_dense,3,0,dense_periphery,0.025,13,1,59.75,150.0,8,1378,7,878,339,24,0.3688602513995986,3,4,123,24,49,169,0.2777,0.4862,0.0124,89.1,0.4503,500
6,b0.025_dense,3,0,dense_periphery,0.025,14,0,161.0,171.0,3,1380,11,881,339,25,0.5551552795031056,0,-1,365,0,0,0,0.2727,0.494,0.0119,91.3,0.4785,500
6,b0.025_dense,3,0,dense_periphery,0.025,14,1,71.62,130.0,8,1430,8,930,364,31,0.5551552795031056,3,5,92,70,73,130,0.2735,0.4962,0.01218,91.5,0.4837,500
6,b0.025_dense,3,0,dense_periphery,0.025,15,0,66.5,207.0,10,1631,10,1131,364,22,-0.22556390977443608,0,-1,365,0,0,0,0.2768,0.5136,0.01312,90.5,0.5102,500
6,b0.025_dense,3,0,dense_periphery,0.025,15,1,81.5,158.0,6,1398,13,898,364,21,-0.22556390977443608,3,1,161,34,50,120,0.2799,0.5143,0.01327,90.4,0.5092,500
6,b0.025_dense,3,0,dense_periphery,0.025,16,0,110.25,158.0,4,1543,13,1043,364,23,0.4356462585034014,0,-1,365,0,0,0,0.2708,0.5067,0.01312,90.3,0.5113,500
6,b0.025_dense,3,0,dense_periphery,0.025,16,1,62.22,161.0,9,1490,10,991,364,24,0.4356462585034014,3,4,58,55,72,180,0.2709,0.5069,0.01315,90.0,0.5163,500
6,b0.025_dense,3,0,dense_periphery,0.025,17,0,96.5,203.0,6,1496,12,996,364,155,0.20207253886010362,0,-1,365,0,0,0,0.2822,0.4894,0.01287,91.2,0.4775,500
6,b0.025_dense,3,0,dense_periphery,0.025,17,1,77.0,154.0,6,1481,11,981,364,161,0.20207253886010362,3,4,103,56,86,120,0.2791,0.4864,0.01384,90.9,0.4847,500
6,b0.025_dense,3,0,dense_periphery,0.025,18,0,119.75,191.0,4,1427,11,928,340,16,0.3331106471816284,0,-1,365,0,0,0,0.2644,0.5061,0.01362,90.7,0.5215,500
6,b0.025_dense,3,0,dense_periphery,0.025,18,1,79.86,183.0,7,1366,16,866,364,20,0.3331106471816284,3,4,133,44,50,138,0.2631,0.5078,0.01423,91.4,0.5227,500
6,b0.025_dense,3,0,dense_periphery,0.025,19,0,86.57,189.0,7,1483,11,983,364,24,0.16171884024488853,0,-1,365,0,0,0,0.2689,0.5018,0.01328,91.6,0.4847,500
6,b0.025_dense,3,0,dense_periphery,0.025,19,1,72.57,174.0,7,1455,10,955,364,22,0.16171884024488853,3,3,143,20,66,136,0.2697,0.5009,0.01346,91.6,0.4816,500
7,b0.025_sparse,3,1,sparse_periphery,0.025,0,0,63.75,157.0,8,1399,16,899,364,28,0.4054901960784314,0,-1,365,0,0,0,0.609,0.6637,0.01372,91.8,0.2211,500
7,b0.025_sparse,3,1,sparse_periphery,0.025,0,1,37.9,58.0,10,1021,8,529,364,44,0.4054901960784314,3,4,48,71,105,141,0.6122,0.6628,0.01494,92.1,0.2236,500
7,b0.025_sparse,3,1,sparse_periphery,0.025,1,0,66.11,167.0,9,1386,16,889,355,20,0.4441083043412494,0,-1,365,0,0,0,0.6032,0.6625,0.01237,90.1,0.2025,500
7,b0.025_sparse,3,1,sparse_periphery,0.025,1,1,36.75,72.0,12,1023,9,545,364,21,0.4441083043412494,3,2,62,74,74,155,0.6036,0.6634,0.0133,89.9,0.2037,500
7,b0.025_sparse,3,1,sparse_periphery,0.025,2,0,54.22,168.0,9,1399,13,899,364,20,0.28402803393581705,0,-1,365,0,0,0,0.5914,0.6634,0.01518,91.6,0.1889,500
7,b0.025_sparse,3,1,sparse_periphery,0.025,2,1,38.82,95.0,11,1012,8,529,336,15,0.28402803393581705,3,2,44,44,139,138,0.5902,0.6636,0.01555,91.7,0.185,500
7,b0.025_sparse,3,1,sparse_periphery,0.025,3,0,81.33,163.0,6,1365,14,866,364,26,0.5819500799213082,0,-1,365,0,0,0,0.6106,0.6722,0.01392,91.5,0.2058,500
7,b0.025_sparse,3,1,sparse_periphery,0.025,3,1,34.0,61.0,15,1157,8,663,364,22,0.5819500799213082,3,3,16,48,109,192,0.6101,0.6714,0.01457,91.2,0.2033,500
7,b0.025_sparse,3,1,sparse_periphery,0.025,4,0,84.8,147.0,5,1391,17,891,343,27,0.5204009433962263,0,-1,365,0,0,0,0.6018,0.6784,0.01486,89.7,0.1946,500
7,b0.025_sparse,3,1,sparse_periphery,0.025,4,1,40.67,90.0,9,1060,11,588,364,25,0.5204009433962263,3,2,12,105,114,134,0.6019,0.6789,0.01561,89.7,0.1984,500
7,b0.025_sparse,3,1,sparse_periphery,0.025,5,0,53.8,131.0,10,1450,16,951,364,18,0.312267657992565,0,-1,365,0,0,0,0.603,0.6755,0.01349,89.4,0.1798,500
7,b0.025_sparse,3,1,sparse_periphery,0.025,5,1,37.0,69.0,13,1107,9,616,364,54,0.312267657992565,3,3,46,58,98,163,0.6028,0.6752,0.01409,89.4,0.1813,500
7,b0.025_sparse,3,1,sparse_periphery,0.025,6,0,65.12,130.0,8,1374,8,875,364,34,0.42337223587223594,0,-1,365,0,0,0,0.6033,0.67,0.01348,91.6,0.1829,500
7,b0.025_sparse,3,1,sparse_periphery,0.025,6,1,37.55,62.0,11,1037,7,553,364,37,0.42337223587223594,3,4,29,56,109,171,0.6036,0.6699,0.01406,91.6,0.1886,500
7,b0.025_sparse,3,1,sparse_periphery,0.025,7,0,70.11,155.0,9,1432,13,933,364,19,0.45086292968192837,0,-1,365,0,0,0,0.6,0.665,0.0146,91.9,0.1869,500
7,b0.025_sparse,3,1,sparse_periphery,0.025,7,1,38.5,82.0,12,1121,15,632,364,31,0.45086292968192837,3,3,31,50,100,184,0.6002,0.6638,0.01509,91.8,0.1814,500
7,b0.025_sparse,3,1,sparse_periphery,0.025,8,0,50.55,136.0,11,1364,15,864,364,27,0.21582591493570716,0,-1,365,0,0,0,0.5919,0.6591,0.01618,92.3,0.1732,500
7,b0.025_sparse,3,1,sparse_periphery,0.025,8,1,39.64,65.0,11,1059,13,574,364,56,0.21582591493570716,3,1,72,40,89,164,0.5913,0.6617,0.01606,93.3,0.1745,500
7,b0.025_sparse,3,1,sparse_periphery,0.025,9,0,63.62,154.0,8,1336,9,837,364,27,0.43649795661741586,0,-1,365,0,0,0,0.6015,0.6773,0.01317,90.9,0.1874,500
7,b0.025_sparse,3,1,sparse_periphery,0.025,9,1,35.85,69.0,13,1125,8,637,364,38,0.43649795661741586,3,1,16,51,133,165,0.6017,0.678,0.01336,90.5,0.189,500
7,b0.025_sparse,3,1,sparse_periphery,0.025,10,0,63.56,149.0,9,1393,12,893,340,17,0.3864065449968534,0,-1,365,0,0,0,0.5859,0.6737,0.01451,90.7,0.1988,500
7,b0.025_sparse,3,1,sparse_periphery,0.025,10,1,39.0,72.0,12,1110,7,616,364,11,0.3864065449968534,3,2,17,49,142,157,0.588,0.6751,0.01577,90.6,0.2028,500
7,b0.025_sparse,3,1,sparse_periphery,0.025,11,0,64.44,168.0,9,1420,14,920,364,29,0.3396958410924892,0,-1,365,0,0,0,0.5977,0.6771,0.01128,90.3,0.1811,500
7,b0.025_sparse,3,1,sparse_periphery,0.025,11,1,42.55,62.0,11,1049,9,564,364,40,0.3396958410924892,3,7,62,76,67,160,0.5986,0.6765,0.01179,90.6,0.1874,500
7,b0.025_sparse,3,1,sparse_periphery,0.025,12,0,90.17,161.0,6,1441,16,941,348,23,0.5702561827658866,0,-1,365,0,0,0,0.615,0.6806,0.01234,88.7,0.219,500
7,b0.025_sparse,3,1,sparse_periphery,0.025,12,1,38.75,67.0,12,1135,10,643,364,13,0.5702561827658866,3,1,7,42,133,183,0.6137,0.6813,0.01309,88.8,0.2163,500
7,b0.025_sparse,3,1,sparse_periphery,0.025,13,0,74.0,123.0,8,1379,13,879,364,22,0.40054054054054056,0,-1,365,0,0,0,0.5989,0.666,0.01318,90.8,0.1869,500
7,b0.025_sparse,3,1,sparse_periphery,0.025,13,1,44.36,63.0,11,1134,9,647,364,189,0.40054054054054056,3,6,37,78,87,163,0.5974,0.6661,0.01344,90.5,0.1894,500
7,b0.025_sparse,3,1,sparse_periphery,0.025,14,0,84.17,164.0,6,1402,8,902,364,24,0.5777592966615184,0,-1,365,0,0,0,0.621,0.6706,0.01439,91.0,0.1768,500
7,b0.025_sparse,3,1,sparse_periphery,0.025,14,1,35.54,63.0,13,1172,8,680,364,20,0.5777592966615184,3,5,12,34,147,172,0.6184,0.6709,0.01463,90.8,0.1789,500
7,b0.025_sparse,3,1,sparse_periphery,0.025,15,0,73.86,167.0,7,1403,13,904,364,22,0.41416192797183854,0,-1,365,0,0,0,0.5911,0.6641,0.01272,90.1,0.2218,500
7,b0.025_sparse,3,1,sparse_periphery,0.025,15,1,43.27,86.0,11,1192,7,704,364,37,0.41416192797183854,3,1,36,75,102,152,0.5883,0.6645,0.01284,89.9,0.2292,500
7,b0.025_sparse,3,1,sparse_periphery,0.025,16,0,83.29,191.0,7,1441,14,941,339,23,0.5587705606915596,0,-1,365,0,0,0,0.6042,0.6679,0.01496,90.7,0.1749,500
7,b0.025_sparse,3,1,sparse_periphery,0.025,16,1,36.75,50.0,12,1027,10,542,364,12,0.5587705606915596,3,3,20,101,78,166,0.6006,0.6685,0.01516,90.7,0.1796,500
7,b0.025_sparse,3,1,sparse_periphery,0.025,17,0,78.57,175.0,7,1434,17,934,364,22,0.5087183403334605,0,-1,365,0,0,0,0.6035,0.6657,0.01297,91.5,0.176,500
7,b0.025_sparse,3,1,sparse_periphery,0.025,17,1,38.6,66.0,10,1087,11,597,364,37,0.5087183403334605,3,3,48,41,100,176,0.6,0.6707,0.0133,91.3,0.1779,500
7,b0.025_sparse,3,1,sparse_periphery,0.025,18,0,77.0,158.0,7,1404,13,904,362,32,0.4828571428571429,0,-1,365,0,0,0,0.6068,0.678,0.01184,89.7,0.1992,500
7,b0.025_sparse,3,1,sparse_periphery,0.025,18,1,39.82,63.0,11,1141,7,644,362,38,0.4828571428571429,3,8,14,32,141,178,0.6077,0.6775,0.01271,90.0,0.1988,500
7,b0.025_sparse,3,1,sparse_periphery,0.025,19,0,47.0,134.0,11,1323,11,826,364,28,0.11808510638297866,0,-1,365,0,0,0,0.6121,0.6716,0.01145,92.1,0.1861,500
7,b0.025_sparse,3,1,sparse_periphery,0.025,19,1,41.45,91.0,11,1161,9,675,364,16,0.11808510638297866,3,2,37,70,111,147,0.6133,0.6733,0.01143,92.0,0.1874,500
8,b0.030_dense,4,0,dense_periphery,0.03,0,0,94.57,252.0,7,1527,11,1027,364,20,0.023686158401184255,0,-1,365,0,0,0,0.279,0.5129,0.01369,91.6,0.5174,500
8,b0.030_dense,4,0,dense_periphery,0.03,0,1,92.33,179.0,6,1386,9,886,364,27,0.023686158401184255,3,4,150,39,58,118,0.2786,0.512,0.01388,91.4,0.5214,500
8,b0.030_dense,4,0,dense_periphery,0.03,1,0,91.14,225.0,7,1718,10,1218,364,15,0.11125740618828177,0,-1,365,0,0,0,0.2816,0.5012,0.01561,89.6,0.5102,500
8,b0.030_dense,4,0,dense_periphery,0.03,1,1,81.0,165.0,7,1521,12,1021,364,22,0.11125740618828177,3,4,145,38,46,136,0.2828,0.4993,0.01491,89.2,0.5123,500
8,b0.030_dense,4,0,dense_periphery,0.03,2,0,97.86,246.0,7,1543,16,1043,364,11,0.12507664009809927,0,-1,365,0,0,0,0.2765,0.5006,0.01308,90.3,0.5124,500
8,b0.030_dense,4,0,dense_periphery,0.03,2,1,85.62,226.0,8,1523,10,1023,364,13,0.12507664009809927,3,3,113,45,92,115,0.2744,0.5015,0.01327,90.1,0.5143,500
8,b0.030_dense,4,0,dense_periphery,0.03,3,0,100.83,256.0,6,1427,13,927,362,25,0.05950609937518596,0,-1,365,0,0,0,0.2849,0.4956,0.01472,90.7,0.4825,500
8,b0.030_dense,4,0,dense_periphery,0.03,3,1,94.83,225.0,6,1458,12,958,362,25,0.05950609937518596,3,11,135,31,70,129,0.2848,0.4949,0.01367,90.7,0.4836,500
8,b0.030_dense,4,0,dense_periphery,0.03,4,0,210.67,257.0,3,1420,7,920,364,19,0.6382019271846965,0,-1,365,0,0,0,0.2742,0.5089,0.0134,89.4,0.4909,500
8,b0.030_dense,4,0,dense_periphery,0.03,4,1,76.22,183.0,9,1593,21,1093,364,18,0.6382019271846965,3,3,114,23,84,144,0.272,0.5105,0.01211,89.2,0.4864,500
8,b0.030_dense,4,0,dense_periphery,0.03,5,0,129.2,289.0,5,1453,11,953,364,15,0.09597523219814236,0,-1,365,0,0,0,0.2648,0.4985,0.01312,92.3,0.5133,500
8,b0.030_dense,4,0,dense_periphery,0.03,5,1,116.8,219.0,5,1436,13,936,364,14,0.09597523219814236,3,5,182,25,53,105,0.2644,0.4986,0.01237,92.2,0.5133,500
8,b0.030_dense,4,0,dense_periphery,0.03,6,0,125.0,222.0,5,1628,11,1128,364,25,0.448,0,-1,365,0,0,0,0.2814,0.4988,0.01297,91.2,0.4908,500
8,b0.030_dense,4,0,dense_periphery,0.03,6,1,69.0,181.0,8,1446,7,947,364,22,0.448,3,4,163,13,59,130,0.2832,0.4986,0.01317,91.1,0.4868,500
8,b0.030_dense,4,0,dense_periphery,0.03,7,0,143.25,253.0,4,1417,6,917,322,17,0.40663176265270506,0,-1,365,0,0,0,0.2681,0.4921,0.01531,90.2,0.4879,500
8,b0.030_dense,4,0,dense_periphery,0.03,7,1,85.0,211.0,7,1486,10,986,364,19,0.40663176265270506,3,4,138,43,50,134,0.2717,0.4907,0.01559,90.2,0.4857,500
8,b0.030_dense,4,0,dense_periphery,0.03,8,0,182.0,272.0,3,1462,11,962,364,14,0.4307692307692308,0,-1,365,0,0,0,0.2768,0.4882,0.01363,90.0,0.4867,500
8,b0.030_dense,4,0,dense_periphery,0.03,8,1,103.6,222.0,5,1435,14,936,364,17,0.4307692307692308,3,2,159,49,42,115,0.2756,0.4885,0.01363,90.2,0.4938,500
8,b0.030_dense,4,0,dense_periphery,0.03,9,0,91.29,183.0,7,1720,12,1220,364,16,0.2454814327965824,0,-1,365,0,0,0,0.2759,0.4942,0.01226,90.4,0.5,500
8,b0.030_dense,4,0,dense_periphery,0.03,9,1,68.88,202.0,8,1475,7,975,364,19,0.2454814327965824,3,3,75,67,80,143,0.2755,0.4936,0.01339,90.6,0.499,500
8,b0.030_dense,4,0,dense_periphery,0.03,10,0,165.0,197.0,3,1593,12,1093,364,14,0.3563636363636363,0,-1,365,0,0,0,0.2653,0.5013,0.01373,90.5,0.5553,500
8,b0.030_dense,4,0,dense_periphery,0.03,10,1,106.2,179.0,5,1437,17,937,364,16,0.3563636363636363,3,3,183,19,61,102,0.2635,0.5029,0.01287,90.3,0.559,500
8,b0.030_dense,4,0,dense_periphery,0.03,11,0,146.5,218.0,4,1414,8,914,364,161,0.4217747440273038,0,-1,365,0,0,0,0.2672,0.491,0.01533,92.0,0.5183,500
8,b0.030_dense,4,0,dense_periphery,0.03,11,1,84.71,214.0,7,1463,16,963,364,21,0.4217747440273038,3,3,126,30,77,132,0.2717,0.4875,0.01399,91.8,0.5207,500
8,b0.030_dense,4,0,dense_periphery,0.03,12,0,155.33,196.0,3,1439,21,939,364,23,0.379385823730123,0,-1,365,0,0,0,0.2752,0.5027,0.01402,88.3,0.5115,500
8,b0.030_dense,4,0,dense_periphery,0.03,12,1,96.4,162.0,5,1432,11,932,364,269,0.379385823730123,3,3,179,22,47,117,0.2761,0.5056,0.01513,88.4,0.5194,500
8,b0.030_dense,4,0,dense_periphery,0.03,13,0,105.67,196.0,6,1617,13,1118,364,22,0.184820668117725,0,-1,365,0,0,0,0.266,0.5105,0.01413,92.0,0.5318,500
8,b0.030_dense,4,0,dense_periphery,0.03,13,1,86.14,204.0,7,1466,14,967,364,15,0.184820668117725,3,4,171,14,53,127,0.2666,0.5079,0.01332,92.4,0.537,500
8,b0.030_dense,4,0,dense_periphery,0.03,14,0,116.2,197.0,5,1473,19,973,364,19,0.3813253012048193,0,-1,365,0,0,0,0.2628,0.5105,0.01451,90.5,0.5343,500
8,b0.030_dense,4,0,dense_periphery,0.03,14,1,71.89,189.0,9,1566,15,1066,364,19,0.3813253012048193,3,3,130,12,55,168,0.2605,0.5118,0.01431,90.8,0.534,500
8,b0.030_dense,4,0,dense_periphery,0.03,15,0,80.88,252.0,8,1603,15,1103,364,17,-0.33741345202769546,0,-1,365,0,0,0,0.2843,0.4918,0.01254,92.8,0.4866,500
8,b0.030_dense,4,0,dense_periphery,0.03,15,1,108.17,203.0,6,1574,10,1075,364,21,-0.33741345202769546,3,3,133,33,67,132,0.2854,0.4916,0.01276,92.4,0.4837,500
8,b0.030_dense,4,0,dense_periphery,0.03,16,0,106.0,259.0,7,1610,10,1110,364,18,0.4056603773584906,0,-1,365,0,0,0,0.2731,0.4913,0.01476,90.2,0.5327,500
8,b0.030_dense,4,0,dense_periphery,0.03,16,1,63.0,166.0,9,1654,10,1154,364,17,0.4056603773584906,3,2,59,28,94,184,0.2728,0.4906,0.01477,90.6,0.5286,500
8,b0.030_dense,4,0,dense_periphery,0.03,17,0,155.0,209.0,4,1567,10,1067,364,18,0.5013548387096773,0,-1,365,0,0,0,0.2829,0.5133,0.01234,90.0,0.4755,500
8,b0.030_dense,4,0,dense_periphery,0.03,17,1,77.29,146.0,7,1458,9,958,364,24,0.5013548387096773,3,4,91,64,72,138,0.2807,0.5126,0.01268,90.3,0.4684,500
8,b0.030_dense,4,0,dense_periphery,0.03,18,0,134.0,262.0,5,1612,14,1113,364,19,0.308134328358209,0,-1,365,0,0,0,0.2644,0.4973,0.01375,90.1,0.4877,500
8,b0.030_dense,4,0,dense_periphery,0.03,18,1,92.71,190.0,7,1494,10,994,364,18,0.308134328358209,3,2,143,37,59,126,0.2642,0.4988,0.01368,90.1,0.4878,500
8,b0.030_dense,4,0,dense_periphery,0.03,19,0,111.43,297.0,7,1558,16,1058,364,16,-0.07331957282598929,0,-1,365,0,0,0,0.2728,0.4925,0.0124,89.7,0.4917,500
8,b0.030_dense,4,0,dense_periphery,0.03,19,1,119.6,259.0,5,1437,10,937,364,16,-0.07331957282598929,3,3,172,36,55,102,0.2708,0.4941,0.01274,89.5,0.4857,500
9,b0.030_sparse,4,1,sparse_periphery,0.03,0,0,55.15,135.0,13,1486,6,987,364,34,0.3263825929283772,0,-1,365,0,0,0,0.6127,0.6617,0.01555,91.9,0.1842,500
9,b0.030_sparse,4,1,sparse_periphery,0.03,0,1,37.15,57.0,13,1135,10,641,364,341,0.3263825929283772,3,3,26,53,105,181,0.6127,0.6608,0.01505,92.1,0.1796,500
9,b0.030_sparse,4,1,sparse_periphery,0.03,1,0,106.4,158.0,5,1435,11,935,364,30,0.5092105263157896,0,-1,365,0,0,0,0.5969,0.67,0.01042,93.2,0.2127,500
9,b0.030_sparse,4,1,sparse_periphery,0.03,1,1,52.22,74.0,9,1234,4,738,364,34,0.5092105263157896,3,12,93,39,79,154,0.596,0.6697,0.01134,93.4,0.2137,500
9,b0.030_sparse,4,1,sparse_periphery,0.03,2,0,81.29,186.0,7,1349,12,849,364,31,0.47201377783245174,0,-1,365,0,0,0,0.5945,0.6739,0.01229,90.9,0.207,500
9,b0.030_sparse,4,1,sparse_periphery,0.03,2,1,42.92,76.0,12,1246,7,756,364,42,0.47201377783245174,3,4,43,47,84,191,0.5946,0.6725,0.01264,90.9,0.211,500
9,b0.030_sparse,4,1,sparse_periphery,0.03,3,0,59.0,201.0,10,1537,17,1037,364,21,0.15813559322033896,0,-1,365,0,0,0,0.6174,0.6599,0.01161,91.5,0.2112,500
9,b0.030_sparse,4,1,sparse_periphery,0.03,3,1,49.67,94.0,9,1215,9,720,364,15,0.15813559322033896,3,3,65,50,96,154,0.6156,0.6601,0.01272,91.4,0.2118,500
9,b0.030_sparse,4,1,sparse_periphery,0.03,4,0,71.0,190.0,9,1411,6,911,364,20,0.18661971830985916,0,-1,365,0,0,0,0.5781,0.6766,0.01448,89.0,0.2065,500
9,b0.030_sparse,4,1,sparse_periphery,0.03,4,1,57.75,88.0,8,1268,13,777,364,41,0.18661971830985916,3,3,68,59,77,161,0.5799,0.6767,0.01399,89.0,0.2115,500
9,b0.030_sparse,4,1,sparse_periphery,0.03,5,0,73.25,146.0,8,1390,14,891,334,43,0.4802730375426621,0,-1,365,0,0,0,0.5909,0.6727,0.01285,91.6,0.2016,500
9,b0.030_sparse,4,1,sparse_periphery,0.03,5,1,38.07,61.0,14,1209,6,715,364,201,0.4802730375426621,3,2,24,50,111,180,0.5906,0.6721,0.01374,91.1,0.2004,500
9,b0.030_sparse,4,1,sparse_periphery,0.03,6,0,76.29,136.0,7,1400,22,900,364,26,0.37737580285751743,0,-1,365,0,0,0,0.5918,0.6653,0.01173,90.2,0.1799,500
9,b0.030_sparse,4,1,sparse_periphery,0.03,6,1,47.5,95.0,10,1236,10,739,364,25,0.37737580285751743,3,6,53,48,92,172,0.5936,0.6674,0.01321,90.5,0.1857,500
9,b0.030_sparse,4,1,sparse_periphery,0.03,7,0,67.25,177.0,8,1488,14,988,364,27,0.30111524163568776,0,-1,365,0,0,0,0.6163,0.6663,0.01323,91.1,0.2016,500
9,b0.030_sparse,4,1,sparse_periphery,0.03,7,1,47.0,65.0,11,1219,13,729,364,46,0.30111524163568776,3,4,61,28,70,206,0.6152,0.6682,0.01299,90.9,0.2074,500
9,b0.030_sparse,4,1,sparse_periphery,0.03,8,0,80.67,180.0,6,1372,10,872,329,21,0.5377463741167721,0,-1,365,0,0,0,0.6013,0.6546,0.01322,90.4,0.2143,500
9,b0.030_sparse,4,1,sparse_periphery,0.03,8,1,37.29,89.0,14,1120,10,629,364,26,0.5377463741167721,3,5,41,44,92,188,0.6015,0.6528,0.01302,90.8,0.2163,500
9,b0.030_sparse,4,1,sparse_periphery,0.03,9,0,76.38,158.0,8,1451,7,951,364,24,0.4903115998952605,0,-1,365,0,0,0,0.5993,0.6774,0.01435,91.2,0.1968,500
9,b0.030_sparse,4,1,sparse_periphery,0.03,9,1,38.93,66.0,14,1256,13,759,364,14,0.4903115998952605,3,2,9,57,80,219,0.6034,0.6779,0.01374,91.2,0.191,500
9,b0.030_sparse,4,1,sparse_periphery,0.03,10,0,73.12,186.0,8,1423,13,923,364,22,0.4518599562363239,0,-1,365,0,0,0,0.6132,0.6719,0.01295,89.6,0.1889,500
9,b0.030_sparse,4,1,sparse_periphery,0.03,10,1,40.08,95.0,12,1170,10,680,364,17,0.4518599562363239,3,4,42,73,80,170,0.614,0.6715,0.01288,90.0,0.1898,500
9,b0.030_sparse,4,1,sparse_periphery,0.03,11,0,77.71,143.0,7,1408,20,908,323,295,0.5321065499935658,0,-1,365,0,0,0,0.6026,0.6573,0.01299,90.7,0.2104,500
9,b0.030_sparse,4,1,sparse_periphery,0.03,11,1,36.36,64.0,14,1221,13,724,364,13,0.5321065499935658,3,3,4,54,138,169,0.6055,0.6543,0.01342,90.9,0.2074,500
9,b0.030_sparse,4,1,sparse_periphery,0.03,12,0,100.0,177.0,5,1415,16,915,322,19,0.6127,0,-1,365,0,0,0,0.5845,0.6606,0.01453,91.8,0.2149,500
9,b0.030_sparse,4,1,sparse_periphery,0.03,12,1,38.73,81.0,15,1299,14,800,364,18,0.6127,3,3,4,37,127,197,0.5876,0.6596,0.01433,91.6,0.2181,500
9,b0.030_sparse,4,1,sparse_periphery,0.03,13,0,97.0,200.0,6,1427,7,927,358,17,0.49690721649484537,0,-1,365,0,0,0,0.6066,0.6582,0.01167,89.8,0.1826,500
9,b0.030_sparse,4,1,sparse_periphery,0.03,13,1,48.8,113.0,10,1233,13,735,364,15,0.49690721649484537,3,4,22,70,109,164,0.6045,0.6579,0.01112,89.9,0.1848,500
9,b0.030_sparse,4,1,sparse_periphery,0.03,14,0,99.33,173.0,6,1417,13,917,341,295,0.5461592670894997,0,-1,365,0,0,0,0.5968,0.6757,0.01517,91.5,0.2136,500
9,b0.030_sparse,4,1,sparse_periphery,0.03,14,1,45.08,93.0,12,1206,12,710,364,26,0.5461592670894997,3,2,51,44,99,171,0.5939,0.6743,0.01556,91.4,0.2111,500
9,b0.030_sparse,4,1,sparse_periphery,0.03,15,0,68.14,121.0,7,1391,19,894,363,281,0.4549457000293513,0,-1,365,0,0,0,0.6237,0.6646,0.01413,92.0,0.1892,500
9,b0.030_sparse,4,1,sparse_periphery,0.03,15,1,37.14,73.0,14,1197,5,705,364,58,0.4549457000293513,3,4,33,33,99,200,0.6225,0.6635,0.01456,91.8,0.1838,500
9,b0.030_sparse,4,1,sparse_periphery,0.03,16,0,71.75,184.0,8,1383,12,885,364,34,0.5372822299651567,0,-1,365,0,0,0,0.6052,0.6576,0.01075,90.8,0.1762,500
9,b0.030_sparse,4,1,sparse_periphery,0.03,16,1,33.2,66.0,15,1133,13,639,364,60,0.5372822299651567,3,4,11,53,125,176,0.6055,0.6576,0.01198,90.8,0.1725,500
9,b0.030_sparse,4,1,sparse_periphery,0.03,17,0,62.5,147.0,10,1515,7,1015,364,30,0.288,0,-1,365,0,0,0,0.5981,0.6636,0.01362,89.1,0.1947,500
9,b0.030_sparse,4,1,sparse_periphery,0.03,17,1,44.5,75.0,10,1217,13,723,357,14,0.288,3,3,46,38,91,190,0.5971,0.6638,0.0137,89.0,0.1951,500
9,b0.030_sparse,4,1,sparse_periphery,0.03,18,0,60.64,207.0,11,1584,13,1084,364,19,0.29254617414248024,0,-1,365,0,0,0,0.6062,0.6612,0.01079,90.0,0.2156,500
9,b0.030_sparse,4,1,sparse_periphery,0.03,18,1,42.9,109.0,10,1264,8,769,364,19,0.29254617414248024,3,3,16,72,104,173,0.6045,0.6601,0.01121,90.0,0.2114,500
9,b0.030_sparse,4,1,sparse_periphery,0.03,19,0,76.83,141.0,6,1416,12,918,355,29,0.405961213067812,0,-1,365,0,0,0,0.6124,0.6639,0.01444,90.3,0.2418,500
9,b0.030_sparse,4,1,sparse_periphery,0.03,19,1,45.64,78.0,11,1216,12,721,364,44,0.405961213067812,3,2,62,54,72,177,0.6112,0.664,0.01466,90.5,0.2316,500
